<?xml version='1.0' encoding='UTF-8'?>
<image h="8649" w="1920"><stack><layer composite-op="svg:src-over" name="12 Col GRID" opacity="0.101960784314" src="data/000.png" visibility="hidden" x="374" y="-1" /><stack composite-op="svg:src-over" name="Home" opacity="1.0" visibility="visible"><layer composite-op="svg:src-over" name="Right Arrow" opacity="1.0" src="data/002-000.png" visibility="visible" x="1877" y="434" /><layer composite-op="svg:src-over" name="Left Arrow" opacity="1.0" src="data/002-001.png" visibility="visible" x="26" y="434" /><stack composite-op="svg:src-over" name="Header" opacity="1.0" visibility="visible"><layer composite-op="svg:src-over" name="Logo #2" opacity="1.0" src="data/002-003-000.png" visibility="visible" x="374" y="30" /><layer composite-op="svg:src-over" name="CONTACT" opacity="1.0" src="data/002-003-001.png" visibility="visible" x="1317" y="40" /><layer composite-op="svg:src-over" name="PRICING #1" opacity="1.0" src="data/002-003-002.png" visibility="visible" x="1225" y="41" /><layer composite-op="svg:src-over" name="ABOUT" opacity="1.0" src="data/002-003-003.png" visibility="visible" x="1133" y="40" /><layer composite-op="svg:src-over" name="PORTFOLIO #1" opacity="1.0" src="data/002-003-004.png" visibility="visible" x="1007" y="40" /><layer composite-op="svg:src-over" name="SERVICES #1" opacity="1.0" src="data/002-003-005.png" visibility="visible" x="920" y="40" /><layer composite-op="svg:src-over" name="HOME" opacity="1.0" src="data/002-003-006.png" visibility="visible" x="839" y="40" /><stack composite-op="svg:src-over" name="Search" opacity="1.0" visibility="visible"><layer composite-op="svg:src-over" name="Separator #9" opacity="1.0" src="data/002-003-008-000.png" visibility="visible" x="1503" y="33" /><layer composite-op="svg:src-over" name="Icon #12" opacity="1.0" src="data/002-003-008-001.png" visibility="visible" x="1528" y="38" /></stack><layer composite-op="svg:src-over" name="Hover #2" opacity="1.0" src="data/002-003-008.png" visibility="visible" x="831" y="94" /><layer composite-op="svg:src-over" name="Separator #8" opacity="0.301960784314" src="data/002-003-009.png" visibility="visible" x="374" y="94" /></stack><stack composite-op="svg:src-over" name="Info #3" opacity="1.0" visibility="visible"><layer composite-op="svg:src-over" name="HELLO WORLD! WE ARE" opacity="1.0" src="data/002-004-000.png" visibility="visible" x="448" y="345" /><layer composite-op="svg:src-over" name="Curabitur arcu erat, #14" opacity="1.0" src="data/002-004-001.png" visibility="visible" x="451" y="460" /><layer composite-op="svg:src-over" name="Shape #6" opacity="0.501960784314" src="data/002-004-002.png" visibility="visible" x="-1" y="280" /></stack><stack composite-op="svg:src-over" name="Navigation #1" opacity="1.0" visibility="visible"><layer composite-op="svg:src-over" name="Right" opacity="1.0" src="data/002-005-000.png" visibility="visible" x="971" y="766" /><layer composite-op="svg:src-over" name="Left" opacity="1.0" src="data/002-005-001.png" visibility="visible" x="935" y="766" /><layer composite-op="svg:src-over" name="Mid" opacity="1.0" src="data/002-005-002.png" visibility="visible" x="953" y="766" /></stack><layer composite-op="svg:src-over" name="PICTURE #8" opacity="1.0" src="data/002-005.png" visibility="visible" x="0" y="0" /></stack><stack composite-op="svg:src-over" name="Services" opacity="1.0" visibility="visible"><stack composite-op="svg:src-over" name="Title #6" opacity="1.0" visibility="visible"><layer composite-op="svg:src-over" name="SERVICES" opacity="1.0" src="data/003-001-000.png" visibility="visible" x="892" y="904" /><layer composite-op="svg:src-over" name="Separator #7" opacity="1.0" src="data/003-001-001.png" visibility="visible" x="908" y="951" /><layer composite-op="svg:src-over" name="Curabitur arcu erat, #13" opacity="1.0" src="data/003-001-002.png" visibility="visible" x="755" y="986" /></stack><stack composite-op="svg:src-over" name="#1 Service" opacity="1.0" visibility="visible"><layer composite-op="svg:src-over" name="Icon #11" opacity="1.0" src="data/003-002-000.png" visibility="visible" x="439" y="1130" /><layer composite-op="svg:src-over" name="Vorem amet intuitive #3" opacity="1.0" src="data/003-002-001.png" visibility="visible" x="577" y="1125" /><layer composite-op="svg:src-over" name="Curabitur arcu erat, #12" opacity="1.0" src="data/003-002-002.png" visibility="visible" x="577" y="1167" /></stack><stack composite-op="svg:src-over" name="#2 Service" opacity="1.0" visibility="visible"><layer composite-op="svg:src-over" name="Icon #10" opacity="1.0" src="data/003-003-000.png" visibility="visible" x="441" y="1305" /><layer composite-op="svg:src-over" name="Vorem amet intuitive #2" opacity="1.0" src="data/003-003-001.png" visibility="visible" x="577" y="1299" /><layer composite-op="svg:src-over" name="Curabitur arcu erat, #11" opacity="1.0" src="data/003-003-002.png" visibility="visible" x="577" y="1342" /></stack><stack composite-op="svg:src-over" name="#3 Service" opacity="1.0" visibility="visible"><layer composite-op="svg:src-over" name="Icon #9" opacity="1.0" src="data/003-004-000.png" visibility="visible" x="1036" y="1126" /><layer composite-op="svg:src-over" name="Vorem amet intuitive #1" opacity="1.0" src="data/003-004-001.png" visibility="visible" x="1177" y="1125" /><layer composite-op="svg:src-over" name="Curabitur arcu erat, #10" opacity="1.0" src="data/003-004-002.png" visibility="visible" x="1176" y="1167" /></stack><stack composite-op="svg:src-over" name="#4 Servicce" opacity="1.0" visibility="visible"><layer composite-op="svg:src-over" name="Icon #8" opacity="1.0" src="data/003-005-000.png" visibility="visible" x="1035" y="1301" /><layer composite-op="svg:src-over" name="Vorem amet intuitive" opacity="1.0" src="data/003-005-001.png" visibility="visible" x="1177" y="1299" /><layer composite-op="svg:src-over" name="Curabitur arcu erat, #9" opacity="1.0" src="data/003-005-002.png" visibility="visible" x="1176" y="1342" /></stack><layer composite-op="svg:src-over" name="Shape #5" opacity="1.0" src="data/003-005.png" visibility="visible" x="-1" y="799" /></stack><stack composite-op="svg:src-over" name="Portfolio" opacity="1.0" visibility="visible"><stack composite-op="svg:src-over" name="Title #5" opacity="1.0" visibility="visible"><layer composite-op="svg:src-over" name="PORTFOLIO" opacity="1.0" src="data/004-001-000.png" visibility="visible" x="875" y="2167" /><layer composite-op="svg:src-over" name="Separator #6" opacity="1.0" src="data/004-001-001.png" visibility="visible" x="907" y="2214" /><layer composite-op="svg:src-over" name="Curabitur arcu erat, #8" opacity="1.0" src="data/004-001-002.png" visibility="visible" x="756" y="2250" /></stack><stack composite-op="svg:src-over" name="Menu" opacity="1.0" visibility="visible"><layer composite-op="svg:src-over" name="APP" opacity="1.0" src="data/004-002-000.png" visibility="visible" x="826" y="2397" /><layer composite-op="svg:src-over" name="PHOTOGRAPHY" opacity="1.0" src="data/004-002-001.png" visibility="visible" x="910" y="2397" /><layer composite-op="svg:src-over" name="PRINT" opacity="1.0" src="data/004-002-002.png" visibility="visible" x="1158" y="2397" /><layer composite-op="svg:src-over" name="WEB" opacity="1.0" src="data/004-002-003.png" visibility="visible" x="1071" y="2397" /><layer composite-op="svg:src-over" name="ALL" opacity="1.0" src="data/004-002-004.png" visibility="visible" x="744" y="2397" /><layer composite-op="svg:src-over" name="Hover #1" opacity="1.0" src="data/004-002-005.png" visibility="visible" x="721" y="2383" /></stack><stack composite-op="svg:src-over" name="Images" opacity="1.0" visibility="visible"><stack composite-op="svg:src-over" name="Hover" opacity="1.0" visibility="visible"><layer composite-op="svg:src-over" name="Path #45" opacity="1.0" src="data/004-003-001-000.png" visibility="visible" x="695" y="2562" /><layer composite-op="svg:src-over" name="Path #44" opacity="0.8" src="data/004-003-001-001.png" visibility="visible" x="653" y="2520" /><layer composite-op="svg:src-over" name="Awesome Image" opacity="1.0" src="data/004-003-001-002.png" visibility="visible" x="513" y="2715" /><layer composite-op="svg:src-over" name="Photography" opacity="1.0" src="data/004-003-001-003.png" visibility="visible" x="514" y="2741" /><layer composite-op="svg:src-over" name="Shape #4" opacity="1.0" src="data/004-003-001-004.png" visibility="visible" x="479" y="2685" /></stack><layer composite-op="svg:src-over" name="#1" opacity="1.0" src="data/004-003-001.png" visibility="visible" x="0" y="2462" /><layer composite-op="svg:src-over" name="#2" opacity="1.0" src="data/004-003-002.png" visibility="visible" x="480" y="2462" /><layer composite-op="svg:src-over" name="#3" opacity="1.0" src="data/004-003-003.png" visibility="visible" x="960" y="2462" /><layer composite-op="svg:src-over" name="#4" opacity="1.0" src="data/004-003-004.png" visibility="visible" x="1440" y="2462" /><layer composite-op="svg:src-over" name="#5" opacity="1.0" src="data/004-003-005.png" visibility="visible" x="0" y="2782" /><layer composite-op="svg:src-over" name="#6" opacity="1.0" src="data/004-003-006.png" visibility="visible" x="480" y="2782" /><layer composite-op="svg:src-over" name="#7" opacity="1.0" src="data/004-003-007.png" visibility="visible" x="960" y="2782" /><layer composite-op="svg:src-over" name="#8" opacity="1.0" src="data/004-003-008.png" visibility="visible" x="1440" y="2782" /><stack composite-op="svg:src-over" name="Button #2" opacity="1.0" visibility="visible"><layer composite-op="svg:src-over" name="MORE" opacity="1.0" src="data/004-003-010-000.png" visibility="visible" x="933" y="3153" /><layer composite-op="svg:src-over" name="Path #43" opacity="1.0" src="data/004-003-010-001.png" visibility="visible" x="874" y="3139" /></stack></stack><stack composite-op="svg:src-over" name="Video" opacity="1.0" visibility="visible"><stack composite-op="svg:src-over" name="Info #2" opacity="1.0" visibility="visible"><layer composite-op="svg:src-over" name="Its all you need" opacity="1.0" src="data/004-004-001-000.png" visibility="visible" x="917" y="3579" /><layer composite-op="svg:src-over" name="SUPER AWESOME VIDEO" opacity="1.0" src="data/004-004-001-001.png" visibility="visible" x="783" y="3518" /><layer composite-op="svg:src-over" name="SEE MORE" opacity="1.0" src="data/004-004-001-002.png" visibility="visible" x="929" y="3651" /><layer composite-op="svg:src-over" name="Button #1" opacity="1.0" src="data/004-004-001-003.png" visibility="visible" x="894" y="3641" /><layer composite-op="svg:src-over" name="Info Mask #1" opacity="0.501960784314" src="data/004-004-001-004.png" visibility="visible" x="-1" y="3457" /></stack><layer composite-op="svg:src-over" name="PICTURE #7" opacity="1.0" src="data/004-004-001.png" visibility="visible" x="0" y="3279" /></stack><layer composite-op="svg:src-over" name="Shape #3" opacity="1.0" src="data/004-004.png" visibility="visible" x="-1" y="2065" /></stack><stack composite-op="svg:src-over" name="Phone Advertise" opacity="1.0" visibility="visible"><stack composite-op="svg:src-over" name="Info #1" opacity="1.0" visibility="visible"><layer composite-op="svg:src-over" name="Icon #7" opacity="1.0" src="data/005-001-000.png" visibility="visible" x="1078" y="1893" /><layer composite-op="svg:src-over" name="Icon #6" opacity="1.0" src="data/005-001-001.png" visibility="visible" x="1078" y="1853" /><layer composite-op="svg:src-over" name="Icon #5" opacity="1.0" src="data/005-001-002.png" visibility="visible" x="1078" y="1814" /><layer composite-op="svg:src-over" name="Icon #4" opacity="1.0" src="data/005-001-003.png" visibility="visible" x="1078" y="1774" /><layer composite-op="svg:src-over" name="OUR DESIGNS COMES WI" opacity="1.0" src="data/005-001-004.png" visibility="visible" x="1079" y="1692" /><layer composite-op="svg:src-over" name="Browser Friendly" opacity="1.0" src="data/005-001-005.png" visibility="visible" x="1131" y="1894" /><layer composite-op="svg:src-over" name="Clean Code" opacity="1.0" src="data/005-001-006.png" visibility="visible" x="1130" y="1853" /><layer composite-op="svg:src-over" name="Modern And Clean Des" opacity="1.0" src="data/005-001-007.png" visibility="visible" x="1131" y="1814" /><layer composite-op="svg:src-over" name="Responsive Design" opacity="1.0" src="data/005-001-008.png" visibility="visible" x="1131" y="1774" /><layer composite-op="svg:src-over" name="Info Mask" opacity="0.501960784314" src="data/005-001-009.png" visibility="visible" x="1012" y="1636" /></stack><stack composite-op="svg:src-over" name="Phones" opacity="1.0" visibility="visible"><stack composite-op="svg:src-over" name="Black Phone" opacity="1.0" visibility="visible"><layer composite-op="svg:src-over" name="SCREEN #4" opacity="1.0" src="data/005-002-001-000.png" visibility="visible" x="557" y="1724" /><layer composite-op="svg:src-over" name="Phone #1" opacity="1.0" src="data/005-002-001-001.png" visibility="visible" x="542" y="1668" /></stack><stack composite-op="svg:src-over" name="White Phone" opacity="1.0" visibility="visible"><layer composite-op="svg:src-over" name="SCREEN #3" opacity="1.0" src="data/005-002-002-000.png" visibility="visible" x="697" y="1778" /><layer composite-op="svg:src-over" name="Phone" opacity="1.0" src="data/005-002-002-001.png" visibility="visible" x="683" y="1730" /></stack></stack><layer composite-op="svg:src-over" name="PICTURE #6" opacity="1.0" src="data/005-002.png" visibility="visible" x="0" y="1541" /></stack><stack composite-op="svg:src-over" name="About Us" opacity="1.0" visibility="visible"><stack composite-op="svg:src-over" name="Title #4" opacity="1.0" visibility="visible"><layer composite-op="svg:src-over" name="ABOUT US" opacity="1.0" src="data/006-001-000.png" visibility="visible" x="884" y="3999" /><layer composite-op="svg:src-over" name="Separator #5" opacity="1.0" src="data/006-001-001.png" visibility="visible" x="910" y="4046" /><layer composite-op="svg:src-over" name="Curabitur arcu erat, #7" opacity="1.0" src="data/006-001-002.png" visibility="visible" x="758" y="4082" /></stack><stack composite-op="svg:src-over" name="Statistic" opacity="1.0" visibility="visible"><stack composite-op="svg:src-over" name="Coffee" opacity="1.0" visibility="visible"><layer composite-op="svg:src-over" name="Icon #3" opacity="1.0" src="data/006-002-001-000.png" visibility="visible" x="504" y="4622" /><layer composite-op="svg:src-over" name="Path #42" opacity="1.0" src="data/006-002-001-001.png" visibility="visible" x="494" y="4611" /><layer composite-op="svg:src-over" name="Coffee Drinks" opacity="1.0" src="data/006-002-001-002.png" visibility="visible" x="473" y="4737" /><layer composite-op="svg:src-over" name="1,263" opacity="1.0" src="data/006-002-001-003.png" visibility="visible" x="443" y="4672" /></stack><stack composite-op="svg:src-over" name="Projects" opacity="1.0" visibility="visible"><layer composite-op="svg:src-over" name="Icon #2" opacity="1.0" src="data/006-002-002-000.png" visibility="visible" x="802" y="4623" /><layer composite-op="svg:src-over" name="Path #41" opacity="1.0" src="data/006-002-002-001.png" visibility="visible" x="794" y="4611" /><layer composite-op="svg:src-over" name="Completed Projects" opacity="1.0" src="data/006-002-002-002.png" visibility="visible" x="754" y="4737" /><layer composite-op="svg:src-over" name="256" opacity="1.0" src="data/006-002-002-003.png" visibility="visible" x="767" y="4672" /></stack><stack composite-op="svg:src-over" name="Mails" opacity="1.0" visibility="visible"><layer composite-op="svg:src-over" name="Icon #1" opacity="1.0" src="data/006-002-003-000.png" visibility="visible" x="1102" y="4623" /><layer composite-op="svg:src-over" name="Path #40" opacity="1.0" src="data/006-002-003-001.png" visibility="visible" x="1093" y="4613" /><layer composite-op="svg:src-over" name="Mail Sent" opacity="1.0" src="data/006-002-003-002.png" visibility="visible" x="1085" y="4737" /><layer composite-op="svg:src-over" name="1,743" opacity="1.0" src="data/006-002-003-003.png" visibility="visible" x="1042" y="4672" /></stack><stack composite-op="svg:src-over" name="Awards" opacity="1.0" visibility="visible"><layer composite-op="svg:src-over" name="Icon" opacity="1.0" src="data/006-002-004-000.png" visibility="visible" x="1406" y="4626" /><layer composite-op="svg:src-over" name="Path #39" opacity="1.0" src="data/006-002-004-001.png" visibility="visible" x="1395" y="4615" /><layer composite-op="svg:src-over" name="Awards Received" opacity="1.0" src="data/006-002-004-002.png" visibility="visible" x="1361" y="4737" /><layer composite-op="svg:src-over" name="17" opacity="1.0" src="data/006-002-004-003.png" visibility="visible" x="1383" y="4673" /></stack><layer composite-op="svg:src-over" name="Statistic Shape" opacity="0.501960784314" src="data/006-002-004.png" visibility="visible" x="374" y="4586" /><layer composite-op="svg:src-over" name="PICTURE #5" opacity="1.0" src="data/006-002-005.png" visibility="visible" x="0" y="4485" /></stack><stack composite-op="svg:src-over" name="Screens" opacity="1.0" visibility="visible"><stack composite-op="svg:src-over" name="Left Screen" opacity="1.0" visibility="visible"><layer composite-op="svg:src-over" name="Reflection #2" opacity="0.101960784314" src="data/006-003-001-000.png" visibility="visible" x="589" y="4299" /><layer composite-op="svg:src-over" name="Laptop" opacity="1.0" src="data/006-003-001-001.png" visibility="visible" x="546" y="4301" /><layer composite-op="svg:src-over" name="SCREEN #2" opacity="1.0" src="data/006-003-001-002.png" visibility="visible" x="598" y="4313" /></stack><stack composite-op="svg:src-over" name="Right Screen" opacity="1.0" visibility="visible"><layer composite-op="svg:src-over" name="Reflection #1" opacity="0.101960784314" src="data/006-003-002-000.png" visibility="visible" x="1114" y="4297" /><layer composite-op="svg:src-over" name="Tablet" opacity="1.0" src="data/006-003-002-001.png" visibility="visible" x="1115" y="4299" /><layer composite-op="svg:src-over" name="SCREEN #1" opacity="1.0" src="data/006-003-002-002.png" visibility="visible" x="1125" y="4321" /></stack><stack composite-op="svg:src-over" name="Middle Screen" opacity="1.0" visibility="visible"><layer composite-op="svg:src-over" name="Reflection" opacity="0.101960784314" src="data/006-003-003-000.png" visibility="visible" x="727" y="4221" /><layer composite-op="svg:src-over" name="Monitor" opacity="1.0" src="data/006-003-003-001.png" visibility="visible" x="729" y="4222" /><layer composite-op="svg:src-over" name="SCREEN" opacity="1.0" src="data/006-003-003-002.png" visibility="visible" x="742" y="4241" /></stack></stack><stack composite-op="svg:src-over" name="Testimonials" opacity="1.0" visibility="visible"><stack composite-op="svg:src-over" name="Title #3" opacity="1.0" visibility="visible"><layer composite-op="svg:src-over" name="TESTIMONIALS" opacity="1.0" src="data/006-004-001-000.png" visibility="visible" x="539" y="4988" /><layer composite-op="svg:src-over" name="Curabitur arcu erat, #6" opacity="1.0" src="data/006-004-001-001.png" visibility="visible" x="404" y="5043" /></stack><stack composite-op="svg:src-over" name="#1 Post" opacity="1.0" visibility="visible"><layer composite-op="svg:src-over" name="PICTURE #4" opacity="1.0" src="data/006-004-002-000.png" visibility="visible" x="409" y="5147" /><layer composite-op="svg:src-over" name="Curabitur arcu erat, #5" opacity="1.0" src="data/006-004-002-001.png" visibility="visible" x="578" y="5158" /><layer composite-op="svg:src-over" name="John Doe,CEO #1" opacity="1.0" src="data/006-004-002-002.png" visibility="visible" x="798" y="5220" /><layer composite-op="svg:src-over" name="Separator #4" opacity="1.0" src="data/006-004-002-003.png" visibility="visible" x="574" y="5246" /></stack><stack composite-op="svg:src-over" name="#2 Post" opacity="1.0" visibility="visible"><layer composite-op="svg:src-over" name="PICTURE #3" opacity="1.0" src="data/006-004-003-000.png" visibility="visible" x="409" y="5289" /><layer composite-op="svg:src-over" name="Curabitur arcu erat, #4" opacity="1.0" src="data/006-004-003-001.png" visibility="visible" x="578" y="5300" /><layer composite-op="svg:src-over" name="John Doe,CEO" opacity="1.0" src="data/006-004-003-002.png" visibility="visible" x="797" y="5363" /><layer composite-op="svg:src-over" name="Separator #3" opacity="1.0" src="data/006-004-003-003.png" visibility="visible" x="574" y="5388" /></stack><stack composite-op="svg:src-over" name="Navigation" opacity="1.0" visibility="visible"><layer composite-op="svg:src-over" name="Composite Path #6" opacity="1.0" src="data/006-004-004-000.png" visibility="visible" x="636" y="5431" /><layer composite-op="svg:src-over" name="Composite Path #5" opacity="1.0" src="data/006-004-004-001.png" visibility="visible" x="672" y="5431" /><layer composite-op="svg:src-over" name="Path #38" opacity="1.0" src="data/006-004-004-002.png" visibility="visible" x="654" y="5431" /></stack></stack><stack composite-op="svg:src-over" name="Skills" opacity="1.0" visibility="visible"><stack composite-op="svg:src-over" name="Title #2" opacity="1.0" visibility="visible"><layer composite-op="svg:src-over" name="OUR SKILLS" opacity="1.0" src="data/006-005-001-000.png" visibility="visible" x="1254" y="4988" /><layer composite-op="svg:src-over" name="Curabitur arcu erat, #3" opacity="1.0" src="data/006-005-001-001.png" visibility="visible" x="1106" y="5043" /></stack><stack composite-op="svg:src-over" name="Adobe" opacity="1.0" visibility="visible"><layer composite-op="svg:src-over" name="95%" opacity="1.0" src="data/006-005-002-000.png" visibility="visible" x="1471" y="5134" /><layer composite-op="svg:src-over" name="Path #37" opacity="1.0" src="data/006-005-002-001.png" visibility="visible" x="1464" y="5127" /><layer composite-op="svg:src-over" name="ADOBE" opacity="1.0" src="data/006-005-002-002.png" visibility="visible" x="1048" y="5133" /><layer composite-op="svg:src-over" name="Path #36" opacity="1.0" src="data/006-005-002-003.png" visibility="visible" x="1043" y="5153" /><layer composite-op="svg:src-over" name="Path #35" opacity="1.0" src="data/006-005-002-004.png" visibility="visible" x="1043" y="5153" /></stack><stack composite-op="svg:src-over" name="Html" opacity="1.0" visibility="visible"><layer composite-op="svg:src-over" name="93%" opacity="1.0" src="data/006-005-003-000.png" visibility="visible" x="1453" y="5212" /><layer composite-op="svg:src-over" name="Path #34" opacity="1.0" src="data/006-005-003-001.png" visibility="visible" x="1446" y="5205" /><layer composite-op="svg:src-over" name="HTML &amp; CSS" opacity="1.0" src="data/006-005-003-002.png" visibility="visible" x="1048" y="5211" /><layer composite-op="svg:src-over" name="Path #33" opacity="1.0" src="data/006-005-003-003.png" visibility="visible" x="1043" y="5231" /><layer composite-op="svg:src-over" name="Path #32" opacity="1.0" src="data/006-005-003-004.png" visibility="visible" x="1044" y="5231" /></stack><stack composite-op="svg:src-over" name="Javascript" opacity="1.0" visibility="visible"><layer composite-op="svg:src-over" name="85%" opacity="1.0" src="data/006-005-004-000.png" visibility="visible" x="1384" y="5289" /><layer composite-op="svg:src-over" name="Path #31" opacity="1.0" src="data/006-005-004-001.png" visibility="visible" x="1377" y="5282" /><layer composite-op="svg:src-over" name="JAVASCRIPT" opacity="1.0" src="data/006-005-004-002.png" visibility="visible" x="1047" y="5290" /><layer composite-op="svg:src-over" name="Path #30" opacity="1.0" src="data/006-005-004-003.png" visibility="visible" x="1044" y="5308" /><layer composite-op="svg:src-over" name="Path #29" opacity="1.0" src="data/006-005-004-004.png" visibility="visible" x="1044" y="5308" /></stack><stack composite-op="svg:src-over" name="Php" opacity="1.0" visibility="visible"><layer composite-op="svg:src-over" name="87%" opacity="1.0" src="data/006-005-005-000.png" visibility="visible" x="1405" y="5367" /><layer composite-op="svg:src-over" name="Path #28" opacity="1.0" src="data/006-005-005-001.png" visibility="visible" x="1397" y="5360" /><layer composite-op="svg:src-over" name="PHP" opacity="1.0" src="data/006-005-005-002.png" visibility="visible" x="1047" y="5366" /><layer composite-op="svg:src-over" name="Path #27" opacity="1.0" src="data/006-005-005-003.png" visibility="visible" x="1044" y="5386" /><layer composite-op="svg:src-over" name="Path #26" opacity="1.0" src="data/006-005-005-004.png" visibility="visible" x="1044" y="5386" /></stack></stack><stack composite-op="svg:src-over" name="Quote" opacity="1.0" visibility="visible"><layer composite-op="svg:src-over" name="“ACCUMSAN ID CURABIT" opacity="1.0" src="data/006-006-000.png" visibility="visible" x="478" y="5648" /><layer composite-op="svg:src-over" name="John Doe" opacity="1.0" src="data/006-006-001.png" visibility="visible" x="933" y="5726" /><layer composite-op="svg:src-over" name="PICTURE #2" opacity="1.0" src="data/006-006-002.png" visibility="visible" x="0" y="5514" /></stack><layer composite-op="svg:src-over" name="Shape #2" opacity="1.0" src="data/006-006.png" visibility="visible" x="-1" y="3898" /></stack><stack composite-op="svg:src-over" name="Pricing" opacity="1.0" visibility="visible"><stack composite-op="svg:src-over" name="Title #1" opacity="1.0" visibility="visible"><layer composite-op="svg:src-over" name="PRICING" opacity="1.0" src="data/007-001-000.png" visibility="visible" x="900" y="5968" /><layer composite-op="svg:src-over" name="Separator #2" opacity="1.0" src="data/007-001-001.png" visibility="visible" x="909" y="6014" /><layer composite-op="svg:src-over" name="Curabitur arcu erat, #2" opacity="1.0" src="data/007-001-002.png" visibility="visible" x="757" y="6051" /></stack><stack composite-op="svg:src-over" name="#1 Price" opacity="1.0" visibility="visible"><layer composite-op="svg:src-over" name="Feature #3" opacity="1.0" src="data/007-002-000.png" visibility="visible" x="485" y="6585" /><layer composite-op="svg:src-over" name="Path #25" opacity="1.0" src="data/007-002-001.png" visibility="visible" x="373" y="6625" /><layer composite-op="svg:src-over" name="Feature N0 2 #3" opacity="1.0" src="data/007-002-002.png" visibility="visible" x="466" y="6519" /><layer composite-op="svg:src-over" name="Path #24" opacity="1.0" src="data/007-002-003.png" visibility="visible" x="444" y="6559" /><layer composite-op="svg:src-over" name="Extra Feature #3" opacity="1.0" src="data/007-002-004.png" visibility="visible" x="462" y="6454" /><layer composite-op="svg:src-over" name="Path #23" opacity="1.0" src="data/007-002-005.png" visibility="visible" x="444" y="6494" /><layer composite-op="svg:src-over" name="$ #3" opacity="1.0" src="data/007-002-006.png" visibility="visible" x="448" y="6274" /><layer composite-op="svg:src-over" name="19 #3" opacity="1.0" src="data/007-002-007.png" visibility="visible" x="477" y="6276" /><layer composite-op="svg:src-over" name="/MO #3" opacity="1.0" src="data/007-002-008.png" visibility="visible" x="550" y="6309" /><layer composite-op="svg:src-over" name="Buy Now #3" opacity="1.0" src="data/007-002-009.png" visibility="visible" x="478" y="6684" /><layer composite-op="svg:src-over" name="Feature N0 1 #3" opacity="1.0" src="data/007-002-010.png" visibility="visible" x="466" y="6389" /><layer composite-op="svg:src-over" name="BASIC #3" opacity="1.0" src="data/007-002-011.png" visibility="visible" x="487" y="6232" /><layer composite-op="svg:src-over" name="Shape 1 #3" opacity="1.0" src="data/007-002-012.png" visibility="visible" x="443" y="6667" /><layer composite-op="svg:src-over" name="Path #22" opacity="1.0" src="data/007-002-013.png" visibility="visible" x="444" y="6429" /><layer composite-op="svg:src-over" name="Path #21" opacity="1.0" src="data/007-002-014.png" visibility="visible" x="374" y="6363" /><layer composite-op="svg:src-over" name="Path #20" opacity="1.0" src="data/007-002-015.png" visibility="visible" x="374" y="6191" /></stack><stack composite-op="svg:src-over" name="#2 Price" opacity="1.0" visibility="visible"><layer composite-op="svg:src-over" name="Feature #2" opacity="1.0" src="data/007-003-000.png" visibility="visible" x="785" y="6585" /><layer composite-op="svg:src-over" name="Path #19" opacity="1.0" src="data/007-003-001.png" visibility="visible" x="673" y="6625" /><layer composite-op="svg:src-over" name="Feature N0 2 #2" opacity="1.0" src="data/007-003-002.png" visibility="visible" x="766" y="6519" /><layer composite-op="svg:src-over" name="Path #18" opacity="1.0" src="data/007-003-003.png" visibility="visible" x="744" y="6559" /><layer composite-op="svg:src-over" name="Extra Feature #2" opacity="1.0" src="data/007-003-004.png" visibility="visible" x="762" y="6454" /><layer composite-op="svg:src-over" name="Path #17" opacity="1.0" src="data/007-003-005.png" visibility="visible" x="744" y="6494" /><layer composite-op="svg:src-over" name="$ #2" opacity="1.0" src="data/007-003-006.png" visibility="visible" x="748" y="6274" /><layer composite-op="svg:src-over" name="19 #2" opacity="1.0" src="data/007-003-007.png" visibility="visible" x="775" y="6276" /><layer composite-op="svg:src-over" name="/MO #2" opacity="1.0" src="data/007-003-008.png" visibility="visible" x="850" y="6309" /><layer composite-op="svg:src-over" name="Buy Now #2" opacity="1.0" src="data/007-003-009.png" visibility="visible" x="778" y="6684" /><layer composite-op="svg:src-over" name="Feature N0 1 #2" opacity="1.0" src="data/007-003-010.png" visibility="visible" x="766" y="6389" /><layer composite-op="svg:src-over" name="BASIC #2" opacity="1.0" src="data/007-003-011.png" visibility="visible" x="773" y="6232" /><layer composite-op="svg:src-over" name="Shape 1 #2" opacity="1.0" src="data/007-003-012.png" visibility="visible" x="743" y="6667" /><layer composite-op="svg:src-over" name="Path #16" opacity="1.0" src="data/007-003-013.png" visibility="visible" x="744" y="6429" /><layer composite-op="svg:src-over" name="Path #15" opacity="1.0" src="data/007-003-014.png" visibility="visible" x="674" y="6363" /><layer composite-op="svg:src-over" name="Path #14" opacity="1.0" src="data/007-003-015.png" visibility="visible" x="674" y="6191" /></stack><stack composite-op="svg:src-over" name="#3 Price" opacity="1.0" visibility="visible"><layer composite-op="svg:src-over" name="Feature #1" opacity="1.0" src="data/007-004-000.png" visibility="visible" x="1086" y="6585" /><layer composite-op="svg:src-over" name="Path #13" opacity="1.0" src="data/007-004-001.png" visibility="visible" x="974" y="6625" /><layer composite-op="svg:src-over" name="Feature N0 2 #1" opacity="1.0" src="data/007-004-002.png" visibility="visible" x="1067" y="6519" /><layer composite-op="svg:src-over" name="Path #12" opacity="1.0" src="data/007-004-003.png" visibility="visible" x="1045" y="6559" /><layer composite-op="svg:src-over" name="Extra Feature #1" opacity="1.0" src="data/007-004-004.png" visibility="visible" x="1063" y="6454" /><layer composite-op="svg:src-over" name="Path #11" opacity="1.0" src="data/007-004-005.png" visibility="visible" x="1045" y="6494" /><layer composite-op="svg:src-over" name="$ #1" opacity="1.0" src="data/007-004-006.png" visibility="visible" x="1049" y="6274" /><layer composite-op="svg:src-over" name="19 #1" opacity="1.0" src="data/007-004-007.png" visibility="visible" x="1076" y="6276" /><layer composite-op="svg:src-over" name="/MO #1" opacity="1.0" src="data/007-004-008.png" visibility="visible" x="1151" y="6309" /><layer composite-op="svg:src-over" name="Buy Now #1" opacity="1.0" src="data/007-004-009.png" visibility="visible" x="1079" y="6684" /><layer composite-op="svg:src-over" name="Feature N0 1 #1" opacity="1.0" src="data/007-004-010.png" visibility="visible" x="1067" y="6389" /><layer composite-op="svg:src-over" name="BASIC #1" opacity="1.0" src="data/007-004-011.png" visibility="visible" x="1094" y="6232" /><layer composite-op="svg:src-over" name="Shape 1 #1" opacity="1.0" src="data/007-004-012.png" visibility="visible" x="1044" y="6667" /><layer composite-op="svg:src-over" name="Path #10" opacity="1.0" src="data/007-004-013.png" visibility="visible" x="1045" y="6429" /><layer composite-op="svg:src-over" name="Path #9" opacity="1.0" src="data/007-004-014.png" visibility="visible" x="975" y="6363" /><layer composite-op="svg:src-over" name="Path #8" opacity="1.0" src="data/007-004-015.png" visibility="visible" x="975" y="6191" /></stack><stack composite-op="svg:src-over" name="#4 Price" opacity="1.0" visibility="visible"><layer composite-op="svg:src-over" name="Feature" opacity="1.0" src="data/007-005-000.png" visibility="visible" x="1386" y="6585" /><layer composite-op="svg:src-over" name="Path #7" opacity="1.0" src="data/007-005-001.png" visibility="visible" x="1274" y="6625" /><layer composite-op="svg:src-over" name="Feature N0 2" opacity="1.0" src="data/007-005-002.png" visibility="visible" x="1367" y="6519" /><layer composite-op="svg:src-over" name="Path #6" opacity="1.0" src="data/007-005-003.png" visibility="visible" x="1345" y="6559" /><layer composite-op="svg:src-over" name="Extra Feature" opacity="1.0" src="data/007-005-004.png" visibility="visible" x="1363" y="6454" /><layer composite-op="svg:src-over" name="Path #5" opacity="1.0" src="data/007-005-005.png" visibility="visible" x="1345" y="6494" /><layer composite-op="svg:src-over" name="$" opacity="1.0" src="data/007-005-006.png" visibility="visible" x="1349" y="6274" /><layer composite-op="svg:src-over" name="19" opacity="1.0" src="data/007-005-007.png" visibility="visible" x="1375" y="6276" /><layer composite-op="svg:src-over" name="/MO" opacity="1.0" src="data/007-005-008.png" visibility="visible" x="1451" y="6309" /><layer composite-op="svg:src-over" name="Buy Now" opacity="1.0" src="data/007-005-009.png" visibility="visible" x="1379" y="6684" /><layer composite-op="svg:src-over" name="Feature N0 1" opacity="1.0" src="data/007-005-010.png" visibility="visible" x="1367" y="6389" /><layer composite-op="svg:src-over" name="BASIC" opacity="1.0" src="data/007-005-011.png" visibility="visible" x="1371" y="6232" /><layer composite-op="svg:src-over" name="Shape 1" opacity="1.0" src="data/007-005-012.png" visibility="visible" x="1344" y="6667" /><layer composite-op="svg:src-over" name="Path #4" opacity="1.0" src="data/007-005-013.png" visibility="visible" x="1345" y="6429" /><layer composite-op="svg:src-over" name="Path #3" opacity="1.0" src="data/007-005-014.png" visibility="visible" x="1275" y="6363" /><layer composite-op="svg:src-over" name="Path #2" opacity="1.0" src="data/007-005-015.png" visibility="visible" x="1275" y="6191" /></stack><stack composite-op="svg:src-over" name="Special Request" opacity="1.0" visibility="visible"><layer composite-op="svg:src-over" name="Contact us if you ha" opacity="1.0" src="data/007-006-000.png" visibility="visible" x="789" y="6815" /><layer composite-op="svg:src-over" name="Contact Us #1" opacity="1.0" src="data/007-006-001.png" visibility="visible" x="917" y="6892" /><layer composite-op="svg:src-over" name="Path #1" opacity="1.0" src="data/007-006-002.png" visibility="visible" x="873" y="6874" /></stack><stack composite-op="svg:src-over" name="Subscribe" opacity="1.0" visibility="visible"><stack composite-op="svg:src-over" name="Mail Part" opacity="1.0" visibility="visible"><layer composite-op="svg:src-over" name="Composite Path #4" opacity="1.0" src="data/007-007-001-000.png" visibility="visible" x="374" y="7130" /><layer composite-op="svg:src-over" name="Composite Path #3" opacity="1.0" src="data/007-007-001-001.png" visibility="visible" x="397" y="7152" /><layer composite-op="svg:src-over" name="SUBSCRIBE" opacity="1.0" src="data/007-007-001-002.png" visibility="visible" x="941" y="7154" /><layer composite-op="svg:src-over" name="YOUR MAIL #1" opacity="1.0" src="data/007-007-001-003.png" visibility="visible" x="437" y="7155" /><layer composite-op="svg:src-over" name="Path" opacity="1.0" src="data/007-007-001-004.png" visibility="visible" x="903" y="7131" /></stack><stack composite-op="svg:src-over" name="Info" opacity="1.0" visibility="visible"><layer composite-op="svg:src-over" name="Curabitur arcu erat, #1" opacity="1.0" src="data/007-007-002-000.png" visibility="visible" x="1078" y="7140" /></stack><layer composite-op="svg:src-over" name="PICTURE #1" opacity="1.0" src="data/007-007-002.png" visibility="visible" x="0" y="7026" /></stack><layer composite-op="svg:src-over" name="Shape #1" opacity="1.0" src="data/007-007.png" visibility="visible" x="-1" y="5863" /></stack><stack composite-op="svg:src-over" name="Contact Us" opacity="1.0" visibility="visible"><stack composite-op="svg:src-over" name="Title" opacity="1.0" visibility="visible"><layer composite-op="svg:src-over" name="COONTACT US" opacity="1.0" src="data/008-001-000.png" visibility="visible" x="865" y="7397" /><layer composite-op="svg:src-over" name="Separator #1" opacity="1.0" src="data/008-001-001.png" visibility="visible" x="909" y="7444" /><layer composite-op="svg:src-over" name="Curabitur arcu erat," opacity="1.0" src="data/008-001-002.png" visibility="visible" x="757" y="7479" /></stack><stack composite-op="svg:src-over" name="Message Part" opacity="1.0" visibility="visible"><layer composite-op="svg:src-over" name="YOUR NAME" opacity="1.0" src="data/008-002-000.png" visibility="visible" x="397" y="7647" /><layer composite-op="svg:src-over" name="Composite Path #2" opacity="1.0" src="data/008-002-001.png" visibility="visible" x="374" y="7621" /><layer composite-op="svg:src-over" name="YOUR MAIL" opacity="1.0" src="data/008-002-002.png" visibility="visible" x="400" y="7739" /><layer composite-op="svg:src-over" name="Composite Path #1" opacity="1.0" src="data/008-002-003.png" visibility="visible" x="374" y="7714" /><layer composite-op="svg:src-over" name="SEND MESSAGE" opacity="1.0" src="data/008-002-004.png" visibility="visible" x="999" y="8093" /><layer composite-op="svg:src-over" name="Composite Path" opacity="1.0" src="data/008-002-005.png" visibility="visible" x="374" y="7804" /><layer composite-op="svg:src-over" name="YOUR MESSAGE" opacity="1.0" src="data/008-002-006.png" visibility="visible" x="397" y="7831" /><layer composite-op="svg:src-over" name="Button" opacity="1.0" src="data/008-002-007.png" visibility="visible" x="944" y="8067" /></stack><stack composite-op="svg:src-over" name="Info Part" opacity="1.0" visibility="visible"><layer composite-op="svg:src-over" name="123-4567-890" opacity="1.0" src="data/008-003-000.png" visibility="visible" x="1178" y="7908" /><layer composite-op="svg:src-over" name="USA" opacity="1.0" src="data/008-003-001.png" visibility="visible" x="1179" y="7931" /><layer composite-op="svg:src-over" name="New York,NYC" opacity="1.0" src="data/008-003-002.png" visibility="visible" x="1179" y="7883" /><layer composite-op="svg:src-over" name="Awesome Address 17" opacity="1.0" src="data/008-003-003.png" visibility="visible" x="1177" y="7859" /><layer composite-op="svg:src-over" name="+00 123.456.789 #1" opacity="1.0" src="data/008-003-004.png" visibility="visible" x="1177" y="7696" /><layer composite-op="svg:src-over" name="+00 123.456.789" opacity="1.0" src="data/008-003-005.png" visibility="visible" x="1177" y="7672" /><layer composite-op="svg:src-over" name="WHERE WE ARE" opacity="1.0" src="data/008-003-006.png" visibility="visible" x="1178" y="7807" /><layer composite-op="svg:src-over" name="GET IN TOUCH" opacity="1.0" src="data/008-003-007.png" visibility="visible" x="1177" y="7622" /></stack><stack composite-op="svg:src-over" name="Footer" opacity="1.0" visibility="visible"><stack composite-op="svg:src-over" name="Logo #1" opacity="1.0" visibility="visible"><layer composite-op="svg:src-over" name="Logo" opacity="1.0" src="data/008-004-001-000.png" visibility="visible" x="902" y="8349" /></stack><stack composite-op="svg:src-over" name="Social Part" opacity="1.0" visibility="visible"><layer composite-op="svg:src-over" name="WE ARE SOCIAL" opacity="1.0" src="data/008-004-002-000.png" visibility="visible" x="883" y="8436" /><layer composite-op="svg:src-over" name="Separator" opacity="1.0" src="data/008-004-002-001.png" visibility="visible" x="844" y="8470" /><layer composite-op="svg:src-over" name="Dribble" opacity="1.0" src="data/008-004-002-002.png" visibility="visible" x="1016" y="8492" /><layer composite-op="svg:src-over" name="Google" opacity="1.0" src="data/008-004-002-003.png" visibility="visible" x="976" y="8493" /><layer composite-op="svg:src-over" name="Facebook" opacity="1.0" src="data/008-004-002-004.png" visibility="visible" x="885" y="8491" /><layer composite-op="svg:src-over" name="Tweter" opacity="1.0" src="data/008-004-002-005.png" visibility="visible" x="926" y="8492" /></stack><stack composite-op="svg:src-over" name="Copyright" opacity="1.0" visibility="visible"><layer composite-op="svg:src-over" name=" © 2014 - Kasper All" opacity="1.0" src="data/008-004-003-000.png" visibility="visible" x="842" y="8595" /></stack><layer composite-op="svg:src-over" name="PICTURE" opacity="1.0" src="data/008-004-003.png" visibility="visible" x="0" y="8229" /></stack><layer composite-op="svg:src-over" name="Shape" opacity="1.0" src="data/008-004.png" visibility="visible" x="-1" y="7295" /></stack><layer composite-op="svg:src-over" name="Background" opacity="1.0" src="data/008.png" visibility="visible" x="0" y="0" /></stack></image>